<?xml version="1.0" encoding="UTF-8"?>

    <GradeBook>
        <id>CSE543_Spring2016</id>
        <Student>
            <id>1</id>
            <name>Abhi</name>
            <GradeBookItem>
                <itemID>1</itemID>
                <itemName>Assignment 1</itemName>
                <itemGrade>98</itemGrade>
                <hasAppealed>false</hasAppealed>
                <itemFeedback>Good work!</itemFeedback>
            </GradeBookItem>
            <GradeBookItem>
                <itemID>2</itemID>
                <itemName>Assignment 2</itemName>                
                <itemGrade>89</itemGrade>
                <hasAppealed>false</hasAppealed>
                <itemFeedback></itemFeedback>
            </GradeBookItem>
            <GradeBookItem>
                <itemID>3</itemID>
                <itemName>Midterm 1</itemName>                
                <itemGrade>98</itemGrade>
                <hasAppealed>true</hasAppealed>
                <itemFeedback>blabla</itemFeedback>
            </GradeBookItem>
        </Student>
        <Student>
            <id>2</id>
            <name>Shru</name>
            <GradeBookItem>
                <itemID>1</itemID>
                <itemName>Assignment 1</itemName>                
                <itemGrade>100</itemGrade>
                <hasAppealed>No</hasAppealed>
                <itemFeedback>Good work!</itemFeedback>
            </GradeBookItem>
            <GradeBookItem>
                <itemID>2</itemID>
                <itemName>Assignment 2</itemName>                
                <itemGrade>50</itemGrade>
                <hasAppealed>true</hasAppealed>
                <itemFeedback>Crappy work!</itemFeedback>
            </GradeBookItem>
            <GradeBookItem>
                <itemID>3</itemID>
                <itemName>Midterm 1</itemName>                
                <itemGrade>99</itemGrade>
                <hasAppealed>true</hasAppealed>
                <itemFeedback>Good work!</itemFeedback>
            </GradeBookItem>
        </Student>
    </GradeBook>
     

